{
    "cover.rpi_device_door,open_cover,0": {
        "st_history": [
            0.00012254714965820312,
            0.00020170211791992188,
            0.00005817413330078125,
            0.00007987022399902344,
            0.00005412101745605469,
            0.0001246929168701172,
            0.000056743621826171875,
            0.00006771087646484375,
            0.0000553131103515625,
            0.000059604644775390625,
            0.00006079673767089844,
            0.000052928924560546875,
            0.00005888938903808594,
            0.00005054473876953125,
            0.00006318092346191406,
            0.00005841255187988281,
            0.00007081031799316406,
            0.00006437301635742188,
            0.00009369850158691406,
            0.00006151199340820312,
            0.0000514984130859375,
            0.00005698204040527344,
            0.00005221366882324219,
            0.00005245208740234375,
            0.00007677078247070312,
            0.00005507469177246094,
            0.00006985664367675781,
            0.00005626678466796875,
            0.00005602836608886719,
            0.0000514984130859375,
            0.00006699562072753906,
            0.00007271766662597656,
            0.00004887580871582031,
            0.00004696846008300781,
            0.00004696846008300781,
            0.00004863739013671875
        ],
        "ct_history": [
            2.009148597717285,
            4.038520812988281,
            2.9466793537139893,
            2.94926381111145,
            3.209502935409546,
            3.2668588161468506,
            3.27251935005188,
            3.3872578144073486,
            3.401477098464966,
            3.4130852222442627,
            3.421632766723633,
            3.428069591522217,
            3.43485164642334,
            3.4374685287475586,
            3.4403650760650635,
            0.0005977153778076172,
            2.525911010452812,
            3.2107141400447157,
            3.2126464789943268,
            3.2144779576794225,
            2.9305973495059323,
            2.9267788238421906,
            2.9235418371358968,
            2.9209138738586935,
            2.9186678419090404,
            2.916796986564219,
            3.1335250560974943,
            3.133023646079261,
            3.1323821303681223,
            3.131719078158832,
            3.1310115901164783,
            3.1302600042082265,
            3.129520233641758,
            3.128699979362542,
            3.1279379243952286,
            3.1271534703603057
        ]
    },
    "cover.rpi_device_door,close_cover,0": {
        "st_history": [
            0.00006794929504394531,
            0.00006031990051269531,
            0.000059604644775390625,
            0.000056743621826171875,
            0.00006937980651855469,
            0.000060558319091796875,
            0.00005626678466796875,
            0.0000514984130859375,
            0.00005602836608886719,
            0.00005555152893066406,
            0.00006794929504394531,
            0.00005888938903808594,
            0.00006699562072753906,
            0.00006318092346191406,
            0.00006127357482910156,
            0.00005841255187988281,
            0.00005650520324707031,
            0.00005340576171875,
            0.00005888938903808594,
            0.00006031990051269531,
            0.00005054473876953125,
            0.0000553131103515625,
            0.00006818771362304688,
            0.00006794929504394531,
            0.00006413459777832031,
            0.00005340576171875,
            0.0000553131103515625,
            0.000051975250244140625,
            0.00004839897155761719,
            0.00004673004150390625,
            0.000060558319091796875,
            0.00004601478576660156,
            0.00005054473876953125
        ],
        "ct_history": [
            2.0140440464019775,
            4.0478174686431885,
            2.956367254257202,
            2.945998430252075,
            3.2164976596832275,
            3.2689921855926514,
            3.277275323867798,
            3.3882272243499756,
            3.4031498432159424,
            3.418083906173706,
            3.422686815261841,
            3.433868885040283,
            2.122931057081261,
            3.043451516329463,
            3.038629251195213,
            3.0339262490707344,
            3.029282526511987,
            3.9725074768066406,
            3.0508269754232975,
            3.0451577247787944,
            4.141658067703247,
            3.06227887630466,
            3.0570517540617597,
            3.1902365160522863,
            3.1892198788259116,
            3.1882435779225875,
            3.187334399878791,
            3.1864617325815106,
            3.1856326816790594,
            3.184873352084604,
            3.1841436443389775,
            3.1834646219122824,
            3.182810888994613
        ]
    },
    "climate.rpi_device_thermostat,set_temperature,68,69": {
        "st_history": [
          0.00005888938903808594,
          0.00006890296936035156,
          0.000072479248046875,
          0.0000934600830078125,
          0.00006389617919921875,
          0.00006699562072753906,
          0.00008225440979003906,
          0.00006151199340820312,
          0.00008106231689453125,
          0.00006365776062011719,
          0.00006175041198730469,
          0.0000591278076171875,
          0.0000514984130859375,
          0.00005435943603515625,
          0.000056743621826171875,
          0.00005650520324707031,
          0.00005936622619628906,
          0.00005221366882324219,
          0.00007486343383789062,
          0.00007462501525878906,
          0.00006866455078125,
          0.00007605552673339844,
          0.00006699562072753906,
          0.000058650970458984375,
          0.000064849853515625,
          0.00005364418029785156,
          0.00006651878356933594,
          0.00007486343383789062,
          0.00007200241088867188,
          0.00005698204040527344,
          0.000055789947509765625,
          0.00006580352783203125,
          0.000064849853515625,
          0.00007319450378417969,
          0.00006699562072753906,
          0.00006103515625,
          0.00006413459777832031,
          0.00005626678466796875,
          0.00006580352783203125,
          0.00006723403930664062,
          0.00006413459777832031,
          0.00007176399230957031,
          0.00006389617919921875,
          0.00006222724914550781,
          0.00006127357482910156,
          0.0000743865966796875,
          0.00006604194641113281,
          0.00006008148193359375,
          0.00006365776062011719,
          0.00006628036499023438,
          0.00007081031799316406,
          0.00006532669067382812,
          0.00008869171142578125,
          0.00007367134094238281,
          0.000059604644775390625,
          0.00006246566772460938,
          0.00005626678466796875,
          0.00005698204040527344,
          0.00005269050598144531,
          0.00005936622619628906,
          0.000053882598876953125,
          0.0000553131103515625,
          0.000044345855712890625,
          0.00004839897155761719,
          0.00004673004150390625,
          0.00004220008850097656,
          0.00004315376281738281,
          0.00004506111145019531,
          0.00004601478576660156,
          0.00004172325134277344,
          0.00004100799560546875,
          0.0000476837158203125,
          0.00005078315734863281,
          0.0000457763671875,
          0.00004172325134277344,
          0.00004482269287109375,
          0.00004291534423828125,
          0.000046253204345703125,
          0.00004673004150390625,
          0.000043392181396484375
        ],